{
  "mae": 2.439957053604705,
  "rmse": 3.517700432262325,
  "r2": 0.9997162551485047
}